explainer,model,epochs,acc,auc,f1,precision,recall,Attribution AUROC,Attribution F1,Attribution ACC,Attribution Precision,Attribution AUROC Mean,Attribution ACC Mean
IG,CMPNN,1,0.7475,0.84503,0.772693,0.707904,0.850537,0.948258,0.270941,0.826335,0.409868,0.902073,0.822777
GradCAM,CMPNN,1,0.7475,0.84503,0.772693,0.707904,0.850537,0.946488,0.232464,0.816451,0.386729,0.894481,0.811813
Random,CMPNN,1,0.7475,0.84503,0.772693,0.707904,0.850537,0.502484,0.000000,0.815321,0.000000,0.501554,0.804673
