explainer,model,epochs,acc,auc,f1,precision,recall,Attribution AUROC,Attribution F1,Attribution ACC,Attribution Precision,Attribution AUROC Mean,Attribution ACC Mean
IG,CMPNN,1,0.7475,0.84503,0.772693,0.707904,0.850537,0.948686,0.271034,0.826074,0.417503,0.901842,0.822130
GradCAM,CMPNN,1,0.7475,0.84503,0.772693,0.707904,0.850537,0.946286,0.231217,0.815562,0.386618,0.893762,0.811085
Random,CMPNN,1,0.7475,0.84503,0.772693,0.707904,0.850537,0.495094,0.008616,0.809156,0.037847,0.497988,0.798624
